Actual,Predicted
52.0,0.08149948
52.0,0.08149948
52.0,0.08149948
52.0,0.08149948
52.0,0.08149948
